STT,SO XE,XE,NGAY,L,l,Q,To,Tr,N,C,Vm,d,dd,dH,Dh,M,E1,E2,E3,E4,E5,E6,LV,LV1,dc,MG
1,CE6_3,CE6.2U2_88,16/05/2020,06T,CE6,97.12,270,65,21,1356014.484,28.42536585,Tuyen Cua Nam,CN,0.386,386,7.05,1.84073107,192342.48,0.1,0.240740741,0.07259061,0.003974465,C,3,3.83,E2>260000
2,CE10_2,CE10U2_30,16/05/2020,11T,CE10,82.38,206,55,6,2582535.691,32.73377483,Tuyen Le Van Linh,LVL,0.1,100,10.27,1.316666667,251464.04,0.01,0.266990291,0.124666181,0.001213887,D,5,7.8,E2<240000
3,CE6_3,CE6.2U2_88,16/05/2020,06T,CE6,93.92,362,149,23,1517582.167,26.45633803,Tuyen Cua Nam,CN,0.468,468,7.89,2.060052219,192342.48,0.12,0.41160221,0.084007666,0.004982964,T,4,3.83,E2>260000
4,CE10_2,CE10U2_30,16/05/2020,11T,CE10,97.35,309,170,14,2527677.598,42.02158273,Tuyen Le Van Linh,LVL,0,0,11.23,1.43974359,225082.6,0,0.550161812,0.115356959,0,T,4,7.8,240000<E2<260000
5,CE6_5,CE6.2U2_44,16/05/2020,06T,CE6,91.68,366,112,28,1419487.502,21.65669291,Tuyen Hang Dao,HD,1.534,1534,7.38,0.934177215,192342.48,0.19,0.306010929,0.080497382,0.016732112,T,4,7.9,E2>260000
6,CE6_7,CE6.2U2_80,16/05/2020,06T,CE6,97.1,383,157,23,1346384.598,25.77876106,Tuyen Hang Bai,HB,6.087,6087,7.36,1.610503282,182932.69,1.33,0.409921671,0.075798146,0.062687951,T,4,4.57,240000<E2<260000
7,CE6_7,CE6.2U2_80,16/05/2020,06T,CE6,95.33,239,88,25,1357360.56,37.88,Tuyen Cua Nam,CN,1.023,1023,7.42,1.937336815,182932.69,0.27,0.368200837,0.0778,0.0107,D,5,3.83,E2<240000
8,CE6_7,CE6.2U2_84,16/05/2020,06T,CE6,90.64,257,83,5,1295716.033,31.25517241,Tuyen Le Van Linh,LVL,0,0,7.27,0.932051282,178227.79,0,0.322957198,0.080207414,0,Sa,1,7.8,240000<E2<260000
9,CE6_8,CE6.2U2_84,16/05/2020,06T,CE6,96.11,297,113,28,1246422.312,31.34,Tuyen Le Van Linh,LVL,5.228,5228,8.27,1.06025641,150716.12,0.67,0.439688716,0.086047238,0.054396005,C,3,7.8,E2<240000
10,CE6_9,CE6.2U2_18,16/05/2020,06T,CE6,99.51,368,162,22,1473343.397,28.98349515,Tuyen Bach Dang,BD,6.696,6696,7.66,2.092896175,192342.48,1.83,0.440217391,0.076977188,0.06728972,T,4,3.66,E2>260000
11,CE7_10,CE7.7U2_38,16/05/2020,13T,CE9,96.19,274,87,21,3244175.485,30.8631016,Tuyen Tran Hung Dao,THD,0.626,626,12.27,2.921428571,264398.98,0.15,0.317518248,0.127560037,0.006507953,T,4,4.2,E2>260000
12,CE7_11,CE7U2_81,16/05/2020,07T,CE7,107.75,320,142,15,1167110.562,36.32022472,Tuyen Co De,CD,0,0,6.38,1.48372093,182932.69,0,0.44375,0.059211137,0,C,3,4.3,E2>260000
13,CE7_11,CE7U2_81,16/05/2020,07T,CE7,98.63,290,78,24,1489842.385,2L141509433962,Tuyen Co De,CD,1.1,1100,7.94,1.846511628,187637.58,0.26,0.268965517,0.08050289,0.011152793,Sa,1,4.3,240000<E2<260000
14,CE7_12,CE7U2_68,16/05/2020,07T,CE7,88.76,192,87,21,1371516.728,50.72,Tuyen Ly Thai To,LTT,0,0,8.19,1.1375,167462.36,0,0.453125,0.092271293,0,D,5,7.2,E2<240000
15,CE7_12,CE7U2_68,16/05/2020,07T,CE7,89.02,260,56,22,1070084.48,26.18235294,Tuyen Ly Thai To,LTT,0.194,194,6.39,0.8875,167462.36,0.03,0.215384615,0.071781622,0.002179286,T,4,7.2,E2<240000
16,CE10_1,CE10U2_59,17/05/2020,11T,CE10,89.32,252,107,23,2815010.589,36.96,Tuyen Le Van Linh,LVL,4,4000,11.49,1.473076923,244996.57,0.51,0.424603175,0.128638603,0.044782803,D,5,7.8,E2<240000
17,CE10_1,CE10U2_59,17/05/2020,11T,CE10,92.34,293,101,23,2624258.568,28.85625,Tuyen Le Van Linh,LVL,4.005,4005,11.4,1.461538462,230198.12,0.51,0.344709898,0.12345679,0.04337232,T,4,7.8,240000<E2<260000
18,CE10_2,CE10U2_30,17/05/2020,11T,CE10,94.18,276,96,24,2474774.453,31.39333333,Tuyen Tran Hung Dao,THD,0.911,911,9.36,2.228571429,264398.98,0.22,0.347826087,0.099384158,0.009672967,T,4,4.2,E2>260000
19,CE6_5,CE6.2U2_44,17/05/2020,06T,CE6,89.64,261,69,16,1294464.89,28.0125,Tuyen Hang Dao,HD,0,0,6.73,0.851898734,192342.48,0,0.264367816,0.07507809,0,T,4,7.9,E2>260000
20,CE6_6,CE6.2U2_53,17/05/2020,06T,CE6,85.88,300,103,10,1180609.638,26.15634518,Tuyen Ly Thai To,LTT,0.13,130,7.05,0.979166667,167462.36,0.02,0.343333333,0.08209129,0.00151374,T,4,7.2,E2<240000
21,CE6_6,CE6.2U2_53,17/05/2020,06T,CE6,90.17,270,108,18,1352748.926,33.3962963,Tuyen Ly Thai To,LTT,0.183,183,7.59,1.054166667,178227.79,0.03,0.4,0.084174337,0.0020295,D,5,7.2,240000<E2<260000
22,CE6_7,CE6.2U2_80,17/05/2020,06T,CE6,112.46,584,218,17,1373325.307,18.43606557,Tuyen Cua Nam,CN,3.286,3286,7.14,0.878228782,192342.48,0.4,0.373287671,0.063489241,0.029219278,Sa,1,8.13,E2>260000
23,CE6_9,CE6.2U2_18,17/05/2020,06T,CE6,94.47,455,71,28,1415640.653,14.7609375,Tuyen Cua Nam,CN,0.954,954,7.36,1.921671018,192342.48,0.25,0.156043956,0.077908331,0.010098444,C,3,3.83,E2>260000
24,CE7_11,CE7U2_81,17/05/2020,07T,CE7,90.87,295,220,7,1390176.762,72.696,Tuyen Bach Dang,BD,0,0,7.8,2.131147541,178227.79,0,0.745762712,0.08583691,0,C,3,3.66,240000<E2<260000
25,CE7_12,CE7U2_68,17/05/2020,07T,CE7,89.9,274,128,18,1304627.423,36.94520548,Tuyen Ly Thai To,LTT,0.726,726,7.32,1.016666667,178227.79,0.1,0.467153285,0.081423804,0.00807564,D,5,7.2,E2<240000
26,CE7_12,CE7U2_68,17/05/2020,07T,CE7,92.93,250,91,23,1306206.408,35.06792453,Tuyen Hang Bai,HB,1.025,1025,7.8,1.70678337,167462.36,0.22,0.364,0.083934144,0.011029807,T,4,4.57,240000<E2<260000
27,CE10_1,CE10U2_59,18/05/2020,11T,CE10,92.43,288,107,21,2823781.106,30.63977901,Tuyen Le Van Linh,LVL,0.394,394,10.68,1.369230769,264398.98,0.05,0.371527778,0.1155469,0.004262685,T,4,7.8,E2>260000
28,CE10_2,CE10U2_30,18/05/2020,11T,CE10,91.33,234,123,24,2724361.858,27.74594595,Tuyen Phan Chu Trinh,PCT,0,0,11.12,2.269387755,244996.57,0,0.525641026,0.1218,0,T,4,4.9,E2>260000
29,CE6_3,CE6.2U2_88,18/05/2020,06T,CE6,100.51,392,176,15,1515658.742,2L194444444444,Tuyen Hang Bai,HB,1.35,1350,7.88,1.72428884,192342.48,0.3,0.448979592,0.078400159,0.013431499,C,3,4.57,E2>260000
30,CE6_5,CE6.2U2_44,18/05/2020,06T,CE6,89.77,240,82,20,1401652.723,34.08987342,Tuyen Hang Dao,HD,0.164,164,7.47,0.94556962,187637.58,0.02,0.341666667,0.083212655,0.001826891,C,3,7.9,E2<240000
31,CE6_5,CE6.2U2_44,18/05/2020,06T,CE6,87.88,180,97,20,1200705.121,63.52771084,Tuyen Hang Dao,HD,0.223,223,7.17,0.907594937,167462.36,0.03,0.538888889,0.08158853,0.002537551,D,5,7.9,E2<240000
32,CE6_5,CE6.2U2_44,18/05/2020,06T,CE6,107.78,351,122,27,1286110.925,28.23930131,Tuyen Cua Nam,CN,1.235,1235,7.68,0.654731458,167462.36,0.11,0.347578348,0.071256263,0.011458527,T,4,11.73,E2>260000
33,CE6_6,CE6.2U2_53,18/05/2020,06T,CE6,84.4,240,70,6,1484883.946,29.78823529,Tuyen Ly Thai To,LTT,0,0,7.72,1.072222222,192342.48,0,0.291666667,0.091469194,0,T,4,7.2,E2<240000
34,CE6_6,CE6.2U2_53,18/05/2020,06T,CE6,107.12,487,229,32,1008644.375,2H116279069767,Tuyen Ly Thai To,LTT,3.974,3974,6.16,0.855555556,163740.97,0.55,0.470225873,0.057505601,0.037098581,Sa,2,7.2,E2>260000
35,CE6_6,CE6.2U2_53,18/05/2020,06T,CE6,88.18,235,72,20,1019845.772,32.45889571,Tuyen Ly Thai To,LTT,0.182,182,6.09,0.845833333,167462.36,0.03,0.306382979,0.06906328,0.00206396,D,5,7.2,E2<240000
36,CE6_7,CE6.2U2_80,18/05/2020,06T,CE6,88,88.23,80,10,1391612.212,641.5552855,Tuyen Hang Bai,HB,3.448,3448,8.31,1.818380744,167462.36,0.75,0.90672107,0.094431818,0.039181818,T,4,4.57,E2<240000
37,CE6_7,CE6.2U2_80,18/05/2020,06T,CE6,92.3,310,116,18,1320667.924,28.54639175,Tuyen Hang Bai,HB,0.05,50,7.41,1.621444201,178227.79,0.01,0.374193548,0.08028169,0.000541712,D,5,4.57,240000<E2<260000
38,CE7_11,CE7U2_81,18/05/2020,07T,CE7,92.62,295,95,4,1302857.161,27.786,Tuyen Bach Dang,BD,0,0,7.78,2.12568306,167462.36,0,0.322033898,0.083999136,0,C,3,3.66,240000<E2<260000
39,CE7_11,CE7U2_81,18/05/2020,07T,CE7,88.51,320,83,7,1416910.931,22.40759494,Tuyen Co De,CD,0,0,7.95,1.848837209,178227.79,0,0.259375,0.089820359,0,Sa,1,4.3,E2<240000
40,CE7_12,CE7U2_68,18/05/2020,07T,CE7,91.86,303,123,32,1356014.484,30.62,Tuyen Cua Nam,CN,0.632,632,7.05,1.84073107,192342.48,0.17,0.405940594,0.076747224,0.006880035,T,4,3.83,E2>260000
41,CE9_13,CE9.6U2_00,18/05/2020,13T,CE9,90.82,280,92,8,3434851.911,28.98510638,Tuyen Le Van Linh,LVL,0,0,14.02,1.797435897,244996.57,0,0.328571429,0.154371284,0,T,4,7.8,240000<E2<260000
42,CE9_13,CE9.6U2_00,18/05/2020,13T,CE9,90.96,224,96,11,3187405.376,42.6375,Tuyen Le Van Linh,LVL,0,0,13.01,1.667948718,244996.57,0,0.428571429,0.143029903,0,D,5,7.8,240000<E2<260000
43,CE9_14,CE9.7U2_02,18/05/2020,13T,CE9,94.21,272,95,26,2712733.535,31.93559322,Tuyen Tran Hung Dao,THD,1.03,1030,10.26,2.442857143,264398.98,0.25,0.349264706,0.108905636,0.010933022,T,4,4.2,E2>260000
44,CE10_1,CE10U2_59,19/05/2020,11T,CE10,95.93,259,76,22,3080248.117,31.45245902,Tuyen Phan Chu Trinh,PCT,1.116,1116,11.65,2.37755102,264398.98,0.23,0.293436293,0.121442719,0.011633483,T,4,4.9,E2>260000
45,CE10_2,CE10U2_30,19/05/2020,11T,CE10,91.79,267,96,15,2670429.698,32.20701754,Tuyen Trang Tien,TT,0,0,10.1,2.295454545,264398.98,0,0.359550562,0.110033773,0,T,4,4.4,E2>260000
46,CE6_4,CE6.2U2_40,19/05/2020,06T,CE6,91.19,196,77,7,1320667.924,25.81008403,Tuyen Bach Dang,BD,0.442,442,7.41,2.024590164,178227.79,0.12,0.392857143,0.0813,0.0048,T,4,3.66,E2>260000
47,CE6_7,CE6.2U2_80,19/05/2020,06T,CE6,92.02,310,133,18,1290618.041,31.19322034,Tuyen Hang Bai,HB,2.786,2786,6.71,1.468271335,192342.48,0.61,0.429032258,0.072918931,0.030276027,D,5,4.57,240000<E2<260000
48,CE6_7,CE6.2U2_80,19/05/2020,06T,CE6,95.16,322,91,29,1327797.036,24.71688312,Tuyen Cua Nam,CN,0.388,388,7.45,1.945169713,178227.79,0.1,0.282608696,0.078289197,0.004077343,C,3,3.83,E2>260000
49,CE6_7,CE6.2U2_80,19/05/2020,06T,CE6,92.38,285,87,29,1254723.642,2L939393939394,Tuyen Hang Bai,HB,5.294,5294,7.04,1.5404814,178227.79,1.16,0.305263158,0.076206971,0.057306776,T,4,4.57,240000<E2<260000
50,CE6_9,CE6.2U2_18,19/05/2020,06T,CE6,87.87,290,122,19,1296158.666,31.38214286,Tuyen Ly Thai To,LTT,0,0,7.74,1.075,167462.36,0,0.420689655,0.088084671,0,T,4,7.2,E2<240000
51,CE6_9,CE6.2U2_18,19/05/2020,06T,CE6,86.54,226,73,20,1406683.824,33.9372549,Tuyen Bach Dang,BD,1.05,1050,8.4,2.295081967,167462.36,0.29,0.32300885,0.097064941,0.012133118,D,5,3.66,E2<240000
52,CE7_11,CE7U2_81,19/05/2020,07T,CE7,100.95,475,182,24,1698384.098,20.67235495,Tuyen Co De,CD,0.464,464,8.83,2.053488372,192342.48,0.11,0.383157895,0.087469044,0.004596335,Sa,1,4.3,E2>260000
53,CE7_12,CE7U2_68,19/05/2020,07T,CE7,93.35,245,82,21,1274328.699,3D61963190184,Tuyen Hang Dao,HD,0.425,425,7.15,0.905063291,178227.79,0.05,0.334693878,0.076593465,0.004552758,T,4,7.9,240000<E2<260000
54,CE7_12,CE7U2_68,19/05/2020,07T,CE7,90.5,240,87,22,1429386.876,35.49019608,Tuyen Hang Dao,HD,0.226,226,8.02,1.015189873,178227.79,0.03,0.3625,0.088618785,0.002497238,D,5,7.9,240000<E2<260000
55,CE9_13,CE9.6U2_00,19/05/2020,13T,CE9,95.4,290,117,38,3667213.853,33.0867052,Tuyen Tran Hung Dao,THD,0.528,528,13.87,3.302380952,264398.98,0.13,0.403448276,0.145387841,0.005534591,T,4,4.2,E2>260000
56,CE6_3,CE6.2U2_88,20/05/2020,06T,CE6,104.91,370,138,20,1352167.634,27.13189655,Tuyen Cua Nam,CN,2.262,2262,7.03,1.835509138,192342.48,0.59,0.372972973,0.067009818,0.021561338,T,4,3.83,E2>260000
57,CE6_3,CE6.2U2_88,20/05/2020,06T,CE6,96.97,287,74,25,1429798.36,27.31549296,Tuyen Cua Nam,CN,0.516,516,7.62,1.989556136,187637.58,0.13,0.257839721,0.078581004,0.005321233,C,3,3.83,E2>260000
58,CE6_4,CE6.2U2_40,20/05/2020,06T,CE6,95.71,308,121,7,1461802.848,30.70909091,Tuyen Hang Bai,HB,0.394,394,7.6,1.663019694,192342.48,0.09,0.392857143,0.079406541,0.004116602,T,4,4.57,E2>260000
59,CE6_5,CE6.2U2_44,20/05/2020,06T,CE6,87.17,242,78,22,1359794.363,31.89146341,Tuyen Hang Dao,HD,0.112,112,8.12,1.027848101,167462.36,0.01,0.32231405,0.093151314,0.001284846,D,5,7.9,E2<240000
60,CE6_5,CE6.2U2_44,20/05/2020,06T,CE6,88.98,251,172,30,1435152.425,67.57974684,Tuyen Hang Dao,HD,0.153,153,8.57,1.084810127,167462.36,0.02,0.685258964,0.096313778,0.001719488,T,4,7.9,E2<240000
61,CE6_6,CE6.2U2_53,20/05/2020,06T,CE6,81.76,250,84,18,1025018.472,29.55180723,Tuyen Ly Thai To,LTT,0.2,200,6.26,0.869444444,163740.97,0.03,0.336,0.076565558,0.002446184,T,4,7.2,E2<240000
62,CE6_6,CE6.2U2_53,20/05/2020,06T,CE6,93.76,255,73,20,1242247.696,30.90989011,Tuyen Ly Thai To,LTT,0.367,367,6.97,0.968055556,178227.79,0.05,0.28627451,0.074338737,0.003914249,D,5,7.2,240000<E2<260000
63,CE6_8,CE6.2U2_84,20/05/2020,06T,CE6,91.49,290,117,6,1372353.983,31.73063584,Tuyen Le Van Linh,LVL,0,0,7.7,0.987179487,178227.79,0,0.403448276,0.084162204,0,Sa,1,7.8,240000<E2<260000
64,CE6_8,CE6.2U2_84,20/05/2020,06T,CE6,90.08,272,69,29,1111550.008,26.62,Tuyen Le Van Linh,LVL,3.264,3264,7.61,0.975641026,146064.39,0.42,0.359375,0.084480462,0.036234458,C,3,7.8,E2<240000
65,CE6_9,CE6.2U2_18,20/05/2020,06T,CE6,89.75,296,141,7,1482960.521,34.74193548,Tuyen Bach Dang,BD,0,0,7.71,2.106557377,192342.48,0,0.476351351,0.085905292,0,D,5,3.66,E2>260000
66,CE7_10,CE7.7U2_38,20/05/2020,13T,CE9,93.62,350,167,24,3516506.434,30.69508197,Tuyen Phan Chu Trinh,PCT,0.602,602,13.3,2.714285714,264398.98,0.12,0.477142857,0.142063662,0.00643025,T,4,4.9,E2>260000
67,CE7_12,CE7U2_68,20/05/2020,07T,CE7,92.84,347,162,36,1469496.547,30.11027027,Tuyen Hang Bai,HB,2.536,2536,7.64,1.671772429,192342.48,0.55,0.46685879,0.082292115,0.027315812,T,4,4.57,E2>260000
68,CE9_13,CE9.6U2_00,20/05/2020,13T,CE9,94.4,282,111,38,2815849.137,33.12280702,Tuyen Tran Hung Dao,THD,0.682,682,10.65,2.535714286,264398.98,0.16,0.393617021,0.112817797,0.007224576,T,4,4.2,E2>260000
69,CE9_14,CE9.7U2_02,20/05/2020,13T,CE9,92.34,238,96,7,3138406.062,39.01690141,Tuyen Le Van Linh,LVL,0,0,12.81,1.642307692,244996.57,0,0.403361345,0.138726446,0,T,4,7.8,240000<E2<260000
70,CE9_14,CE9.7U2_02,20/05/2020,13T,CE9,90.96,251,140,8,3082056.851,49.16756757,Tuyen Le Van Linh,LVL,0,0,12.58,1.612820513,244996.57,0,0.557768924,0.138302551,0,D,5,7.8,240000<E2<260000
71,CE10_2,CE10U2_30,21/05/2020,11T,CE10,81.99,220,42,5,2559903.927,27.63707865,Tuyen Le Van Linh,LVL,0.11,110,10.18,1.305128205,251464.04,0.01,0.190909091,0.124161483,0.001341627,D,5,7.8,E2<240000
72,CE10_2,CE10U2_30,21/05/2020,11T,CE10,99.33,300,176,13,2743756.894,48.06290323,Tuyen Le Van Linh,LVL,0.9,900,12.19,1.562820513,225082.6,0.12,0.586666667,0.122722239,0.009060707,T,4,7.8,240000<E2<260000
73,CE6_3,CE6.2U2_88,21/05/2020,06T,CE6,96.48,293,77,14,1444492.025,26.8,Tuyen Cua Nam,CN,0.386,386,7.51,1.960835509,192342.48,0.1,0.262798635,0.077839967,0.004000829,C,3,3.83,E2>260000
74,CE6_3,CE6.2U2_88,21/05/2020,06T,CE6,93.7,308,110,20,1582978.61,28.39393939,Tuyen Cua Nam,CN,1.948,1948,8.23,2.148825065,192342.48,0.51,0.357142857,0.087833511,0.020789755,T,4,3.83,E2>260000
75,CE6_6,CE6.2U2_53,21/05/2020,06T,CE6,96.54,404,183,24,1138667.482,26.20995475,Tuyen Ly Thai To,LTT,1.252,1252,5.92,0.822222222,192342.48,0.17,0.452970297,0.061321732,0.012968718,T,4,7.2,E2>260000
76,CE6_7,CE6.2U2_80,21/05/2020,06T,CE6,104.03,422,152,36,1473343.397,23.11777778,Tuyen Hang Bai,HB,3.497,3497,7.66,1.676148796,192342.48,0.77,0.360189573,0.073632606,0.033615303,T,4,4.57,E2>260000
77,CE6_8,CE6.2U2_84,21/05/2020,06T,CE6,90.48,240,69,6,1513153.937,31.74736842,Tuyen Le Van Linh,LVL,0,0,8.49,1.088461538,178227.79,0,0.2875,0.093832891,0,Sa,1,7.8,240000<E2<260000
78,CE6_8,CE6.2U2_84,21/05/2020,06T,CE6,107.51,441,206,23,1266553.665,27.4493617,Tuyen Le Van Linh,LVL,0,0,6.75,0.865384615,187637.58,0,0.467120181,0.062784857,0,C,3,7.8,E2>260000
79,CE6_9,CE6.2U2_18,21/05/2020,06T,CE6,87.47,217,51,9,1502460.27,31.61566265,Tuyen Bach Dang,BD,0.304,304,8.43,2.303278689,178227.79,0.08,0.235023041,0.0963759,0.003475477,D,5,3.66,E2<240000
80,CE6_9,CE6.2U2_18,21/05/2020,06T,CE6,90.05,275,66,10,1232522.97,25.85167464,Tuyen Bach Dang,BD,0.202,202,7.36,2.010928962,167462.36,0.06,0.24,0.081732371,0.002243198,T,4,3.66,240000<E2<260000
81,CE7_10,CE7.7U2_38,21/05/2020,13T,CE9,92.12,272,101,7,2628125.861,32.32280702,Tuyen Trang Tien,TT,0,0,9.94,2.259090909,264398.98,0,0.371323529,0.107902736,0,T,4,4.4,E2>260000
82,CE7_12,CE7U2_68,21/05/2020,07T,CE7,95.03,245,52,15,1242112.965,29.54300518,Tuyen Co De,CD,0.2,200,6.79,1.579069767,182932.69,0.05,0.212244898,0.071451121,0.002104599,Sa,1,4.3,240000<E2<260000
83,CE7_12,CE7U2_68,21/05/2020,07T,CE7,98.41,293,92,17,1430533.636,29.3761194,Tuyen Ly Thai To,LTT,0.3,300,7.82,1.086111111,182932.69,0.04,0.313993174,0.079463469,0.003048471,C,3,7.2,240000<E2<260000
84,CE9_13,CE9.6U2_00,21/05/2020,13T,CE9,93.2,309,142,24,3519150.424,33.48502994,Tuyen Phan Chu Trinh,PCT,0.93,930,13.31,2.716326531,264398.98,0.19,0.459546926,0.142811159,0.009978541,T,4,4.9,E2>260000
85,CE9_14,CE9.7U2_02,21/05/2020,13T,CE9,93.46,291,106,24,2760325.351,30.31135135,Tuyen Tran Hung Dao,THD,0.934,934,10.44,2.485714286,264398.98,0.22,0.364261168,0.111705542,0.00999358,T,4,4.2,E2>260000
86,CE10_1,CE10U2_59,22/05/2020,11T,CE10,99.27,347,146,7,3143703.872,29.63283582,Tuyen Le Van Linh,LVL,3.443,3443,11.89,1.524358974,264398.98,0.44,0.42074928,0.119774353,0.034683187,T,4,7.8,E2>260000
87,CE6_4,CE6.2U2_40,22/05/2020,06T,CE6,75.1,253,5,7,1548010.035,18.16935484,Tuyen Bach Dang,BD,0.11,110,8.25,2.254098361,187637.58,0.03,0.019762846,0.109853529,0.001464714,D,5,3.66,E2<240000
88,CE6_4,CE6.2U2_40,22/05/2020,06T,CE6,107.47,200,97,7,1269141.395,62.6038835,Tuyen Bach Dang,BD,0.11,110,7.84,2.142076503,161880.28,0.03,0.485,0.072950591,0.001023541,T,4,3.66,E2>260000
89,CE6_6,CE6.2U2_53,22/05/2020,06T,CE6,92.59,290,98,22,1343837.537,28.934375,Tuyen Cua Nam,CN,0.54,540,7.54,1.968668407,178227.79,0.14,0.337931034,0.08143428,0.005832163,D,5,3.83,240000<E2<260000
90,CE6_7,CE6.2U2_80,22/05/2020,06T,CE6,103.91,402,141,36,1557974.088,23.88735632,Tuyen Hang Bai,HB,4.399,4399,8.1,1.772428884,192342.48,0.96,0.350746269,0.077952074,0.042334713,T,4,4.57,E2>260000
91,CE6_8,CE6.2U2_84,22/05/2020,06T,CE6,90.75,245,77,8,1443645.099,32.41071429,Tuyen Le Van Linh,LVL,0,0,8.1,1.038461538,178227.79,0,0.314285714,0.089256198,0,Sa,1,7.8,240000<E2<260000
92,CE6_8,CE6.2U2_84,22/05/2020,06T,CE6,107.16,225,76,23,1271978.97,27.0442953,Tuyen Le Van Linh,LVL,0,0,8.09,1.037179487,157228.55,0,0.0755,0.120458606,0,C,3,7.8,E2<240000
93,CE7_10,CE7.7U2_38,22/05/2020,13T,CE9,94.8,289,107,24,3495354.516,31.25274725,Tuyen Tran Hung Dao,THD,0.374,374,13.22,3.147619048,264398.98,0.09,0.370242215,0.139451477,0.003945148,T,4,4.2,E2>260000
94,CE7_12,CE7U2_68,22/05/2020,07T,CE7,87.51,200,53,8,1562423.819,35.71836735,Tuyen Ly Thai To,LTT,0,0,9.33,1.295833333,167462.36,0,0.265,0.106616387,0,T,4,7.2,E2<240000
95,CE7_12,CE7U2_68,22/05/2020,07T,CE7,87.8,220,73,18,1314579.526,35.83673469,Tuyen Ly Thai To,LTT,0,0,7.85,1.090277778,167462.36,0,0.331818182,0.089407745,0,D,5,7.2,E2<240000
96,CE9_13,CE9.6U2_00,22/05/2020,13T,CE9,91.64,286,119,10,3495354.516,32.9245509,Tuyen Trang Tien,TT,0,0,13.22,3.004545455,264398.98,0,0.416083916,0.144260148,0,T,4,4.4,E2>260000
97,CE9_14,CE9.7U2_02,22/05/2020,13T,CE9,92.66,526,111,24,3706873.7,13.39662651,Tuyen Phan Chu Trinh,PCT,0.988,988,14.02,2.86122449,264398.98,0.2,0.211026616,0.151305849,0.010662638,T,4,4.9,E2>260000
98,CE6_4,CE6.2U2_40,23/05/2020,06T,CE6,79.59,264,34,7,1399776.347,20.7626087,Tuyen Bach Dang,BD,0.11,110,7.46,2.038251366,187637.58,0.03,0.128787879,0.093730368,0.001382083,D,5,3.66,E2<240000
99,CE6_4,CE6.2U2_40,23/05/2020,06T,CE6,101.14,247,146,7,1319324.282,60.08316832,Tuyen Bach Dang,BD,0.11,110,8.15,2.226775956,161880.28,0.03,0.591093117,0.080581372,0.001087601,T,4,3.66,E2>260000
100,CE6_5,CE6.2U2_44,23/05/2020,06T,CE6,88.85,265,151,14,1383239.094,46.76315789,Tuyen Hang Dao,HD,0.402,402,8.26,1.04556962,167462.36,0.05,0.569811321,0.092965672,0.004524479,D,5,7.9,E2<240000
101,CE6_5,CE6.2U2_44,23/05/2020,06T,CE6,89,270,90,19,1254293.076,29.66666667,Tuyen Hang Dao,HD,0.11,110,7.49,0.948101266,167462.36,0.01,0.333333333,0.084157303,0.001235955,T,4,7.9,E2<240000
102,CE6_7,CE6.2U2_80,23/05/2020,06T,CE6,94.29,360,145,23,1415128.653,26.31348837,Tuyen Hang Bai,HB,3.001,3001,7.94,1.737417943,178227.79,0.66,0.402777778,0.084208294,0.031827341,T,4,4.57,240000<E2<260000
103,CE6_8,CE6.2U2_84,23/05/2020,06T,CE6,91.04,240,86,7,1457903.322,35.47012987,Tuyen Le Van Linh,LVL,4.522,4522,8.18,1.048717949,178227.79,0.58,0.358333333,0.089850615,0.049670475,Sa,1,7.8,240000<E2<260000
104,CE6_8,CE6.2U2_84,23/05/2020,06T,CE6,109.37,245,85,28,1304996.965,26.01375,Tuyen Le Van Linh,LVL,5.024,5024,8.3,1.064102564,157228.55,0.64,0.346938776,0.075889184,0.045935814,T,4,7.8,E2<240000
105,CE6_9,CE6.2U2_18,23/05/2020,06T,CE6,84.89,210,52,14,1326301.857,32.23670886,Tuyen Ly Thai To,LTT,2.39,2390,8.1,1.125,163740.97,0.33,0.247619048,0.095417599,0.028154082,T,4,7.2,E2<240000
106,CE6_9,CE6.2U2_18,23/05/2020,06T,CE6,89.79,251,76,20,1255967.7,30.78514286,Tuyen Ly Thai To,LTT,2.574,2574,7.5,1.041666667,167462.36,0.36,0.302788845,0.083528233,0.028666889,D,5,7.2,E2<240000
107,CE7_10,CE7.7U2_38,23/05/2020,13T,CE9,94.42,329,148,24,3722737.638,31.29944751,Tuyen Phan Chu Trinh,PCT,1.128,1128,14.08,2.873469388,264398.98,0.23,0.449848024,0.149120949,0.011946621,T,4,4.9,E2>260000
108,CE7_12,CE7U2_68,23/05/2020,07T,CE7,98.49,270,74,34,1536816.415,30.15,Tuyen Cua Nam,CN,0.956,956,7.99,2.08616188,192342.48,0.25,0.274074074,0.081124987,0.009706569,C,3,3.83,E2>260000
109,CE9_13,CE9.6U2_00,23/05/2020,13T,CE9,102.24,411,214,26,3722737.638,31.13908629,Tuyen Le Van Linh,LVL,8.046,8046,14.08,1.805128205,264398.98,1.03,0.520681265,0.13771518,0.078697183,T,4,7.8,E2>260000
110,CE9_14,CE9.7U2_02,23/05/2020,13T,CE9,93.4,290,107,23,3548234.312,30.62295082,Tuyen Tran Hung Dao,THD,0.308,308,13.42,3.195238095,264398.98,0.07,0.368965517,0.143683084,0.003297645,T,4,4.2,E2>260000
111,CE10_1,CE10U2_59,24/05/2020,11T,CE10,87.76,266,88,24,2278468.101,29.58202247,Tuyen Tran Hung Dao,THD,0,0,9.3,2.214285714,244996.57,0,0.330827068,0.10597083,0,D,5,4.2,E2<240000
112,CE10_1,CE10U2_59,24/05/2020,11T,CE10,93.86,210,53,24,2723243.76,35.87006369,Tuyen Tran Hung Dao,THD,0,0,11.83,2.816666667,230198.12,0,0.252380952,0.126038781,0,T,4,4.2,240000<E2<260000
113,CE10_2,CE10U2_30,24/05/2020,11T,CE10,94.4,271,105,24,2860796.964,34.12048193,Tuyen Phan Chu Trinh,PCT,0,0,10.82,2.208163265,264398.98,0,0.387453875,0.114618644,0,T,4,4.9,E2>260000
114,CE6_3,CE6.2U2_88,24/05/2020,06T,CE6,93.97,315,118,14,1644528.204,28.62030457,Tuyen Cua Nam,CN,0.296,296,8.55,2.232375979,192342.48,0.08,0.374603175,0.090986485,0.003149941,T,4,3.83,E2>260000
115,CE6_5,CE6.2U2_44,24/05/2020,06T,CE6,96.8,250,125,7,1428453.931,46.464,Tuyen Hang Dao,HD,0.02,20,8.53,1.079746835,167462.36,0,0.5,0.088119835,0.000206612,D,5,7.9,240000<E2<260000
116,CE6_5,CE6.2U2_44,24/05/2020,06T,CE6,87.3,250,69,32,1457973.539,28.93922652,Tuyen Hang Dao,HD,0.122,122,7.97,1.008860759,182932.69,0.02,0.276,0.091294387,0.00139748,T,4,7.9,E2<240000
117,CE6_6,CE6.2U2_53,24/05/2020,06T,CE6,91.92,240,69,16,1183432.526,32.25263158,Tuyen Hang Dao,HD,0.192,192,6.64,0.840506329,178227.79,0.02,0.2875,0.072236728,0.002088773,T,4,7.9,240000<E2<260000
118,CE6_6,CE6.2U2_53,24/05/2020,06T,CE6,85.59,229,64,18,1207403.616,31.12363636,Tuyen Hang Dao,HD,0,0,7.21,0.912658228,167462.36,0,0.279475983,0.084238813,0,D,5,7.9,E2<240000
119,CE6_7,CE6.2U2_80,24/05/2020,06T,CE6,89.02,300,119,7,1160514.155,29.50939227,Tuyen Hang Bai,HB,0,0,6.93,1.516411379,167462.36,0,0.396666667,0.077847675,0,D,5,4.57,E2<240000
120,CE6_7,CE6.2U2_80,24/05/2020,06T,CE6,104.52,466,292,25,1490654.22,36.04137931,Tuyen Hang Bai,HB,3.88,3880,7.75,0.626515764,192342.48,0.31,0.626609442,0.074148488,0.037122082,T,4,12.37,E2>260000
121,CE6_8,CE6.2U2_84,24/05/2020,06T,CE6,92.63,255,81,5,1368789.427,31.94137931,Tuyen Le Van Linh,LVL,2.145,2145,7.68,0.984615385,178227.79,0.28,0.317647059,0.082910504,0.023156645,Sa,1,7.8,240000<E2<260000
122,CE6_8,CE6.2U2_84,24/05/2020,06T,CE6,96.98,286,108,25,1152978.318,19.20674157,Tuyen Le Van Linh,LVL,5.442,5442,7.65,0.980769231,150716.12,0.7,0.377622378,0.078882244,0.056114663,C,3,7.8,E2<240000
123,CE6_9,CE6.2U2_18,24/05/2020,06T,CE6,92.11,245,85,12,1259316.947,34.54125,Tuyen Bach Dang,BD,0.202,202,7.52,2.054644809,167462.36,0.06,0.346938776,0.081641516,0.00219303,D,5,3.66,240000<E2<260000
124,CE6_9,CE6.2U2_18,24/05/2020,06T,CE6,89.21,275,107,17,1359878.038,31.86071429,Tuyen Bach Dang,BD,4.622,4622,7.63,2.084699454,178227.79,1.26,0.389090909,0.085528528,0.051810335,T,4,3.66,E2<240000
125,CE7_10,CE7.7U2_38,24/05/2020,13T,CE9,97.33,246,111,8,3085463.771,43.25777778,Tuyen Le Van Linh,LVL,0.245,245,12.27,1.573076923,251464.04,0.03,0.451219512,0.126065961,0.002517209,D,5,7.8,240000<E2<260000
126,CE7_10,CE7.7U2_38,24/05/2020,13T,CE9,95.78,270,92,12,3414881.663,32.28539326,Tuyen Le Van Linh,LVL,1.876,1876,13.58,1.741025641,251464.04,0.24,0.340740741,0.141783253,0.019586553,T,4,7.8,240000<E2<260000
127,CE10_1,CE10U2_59,25/05/2020,11T,CE10,94.02,320,141,24,3127839.933,31.5150838,Tuyen Tran Hung Dao,THD,0.534,534,11.83,2.816666667,264398.98,0.13,0.440625,0.125824293,0.005679643,T,4,4.2,E2>260000
128,CE10_2,CE10U2_30,25/05/2020,11T,CE10,89.65,285,117,15,2990352.464,32.01785714,Tuyen Trang Tien,TT,0,0,11.31,2.570454545,264398.98,0,0.410526316,0.126157278,0,T,4,4.4,E2>260000
129,CE6_3,CE6.2U2_88,25/05/2020,06T,CE6,99.27,308,102,15,1517582.167,28.91359223,Tuyen Cua Nam,CN,0.44,440,7.89,2.060052219,192342.48,0.11,0.331168831,0.079480206,0.004432356,C,3,3.83,E2>260000
130,CE6_5,CE6.2U2_44,25/05/2020,06T,CE6,89.91,225,70,22,1324627.268,34.80387097,Tuyen Hang Dao,HD,0.125,125,7.91,1.001265823,167462.36,0.02,0.311111111,0.087976866,0.001390279,D,5,7.9,E2<240000
131,CE6_5,CE6.2U2_44,25/05/2020,06T,CE6,87.65,247,77,29,1346397.374,30.93529412,Tuyen Hang Dao,HD,0.223,223,8.04,1.017721519,167462.36,0.03,0.311740891,0.091728465,0.00254421,T,4,7.9,E2<240000
132,CE6_6,CE6.2U2_53,25/05/2020,06T,CE6,87.92,305,120,12,1252618.453,28.51459459,Tuyen Ly Thai To,LTT,0.176,176,7.48,1.038888889,167462.36,0.02,0.393442623,0.085077343,0.00200182,T,4,7.2,E2<240000
133,CE6_6,CE6.2U2_53,25/05/2020,06T,CE6,85.86,241,91,18,1242570.711,3D44,Tuyen Ly Thai To,LTT,0.239,239,7.42,1.030555556,167462.36,0.03,0.377593361,0.086419753,0.002783601,D,5,7.2,E2<240000
134,CE6_7,CE6.2U2_80,25/05/2020,06T,CE6,87.64,312,80,8,598352.3007,22.67,Tuyen Hang Bai,HB,2.035,2035,6.77,1.481400438,88382.91,0.45,0.294117647,0.077247832,0.023219991,C,3,4.57,E2<240000
135,CE6_7,CE6.2U2_80,25/05/2020,06T,CE6,92.27,280,101,11,1004774.16,30.93,Tuyen Hang Bai,HB,0.154,154,6,0,167462.36,0.03,0.617391304,0.065026553,0.001669015,D,4,4.57,E2<240000
136,CE6_7,CE6.2U2_80,25/05/2020,06T,CE6,88.02,290,88,20,690270.5271,26.14455446,Tuyen Hang Bai,HB,1.302,1302,7.81,1.708971554,88382.91,0.28,0.303448276,0.088729834,0.014792093,T,4,4.57,E2<240000
137,CE6_9,CE6.2U2_18,25/05/2020,06T,CE6,93.73,240,79,10,1472161.545,3H304347826087,Tuyen Bach Dang,BD,0,0,8.26,2.256830601,178227.79,0,0.329166667,0.088125467,0,D,5,3.66,240000<E2<260000
138,CE6_9,CE6.2U2_18,25/05/2020,06T,CE6,90.27,240,92,10,1407999.541,36.59594595,Tuyen Bach Dang,BD,0.202,202,7.9,2.158469945,178227.79,0.06,0.383333333,0.087515232,0.002237731,T,4,3.66,240000<E2<260000
139,CE7_12,CE7U2_68,25/05/2020,07T,CE7,97.06,270,80,6,1190891.812,30.65052632,Tuyen Cua Nam,CN,0,0,6.51,1.699738903,182932.69,0,0.296296296,0.067071914,0,Sa,1,3.83,240000<E2<260000
140,CE7_12,CE7U2_68,25/05/2020,07T,CE7,90.43,265,102,22,1534805.269,33.28711656,Tuyen Cua Nam,CN,0.403,403,8.39,2.190600522,182932.69,0.11,0.38490566,0.092778945,0.004456486,T,4,3.83,240000<E2<260000
141,CE7_12,CE7U2_68,25/05/2020,07T,CE7,98.8,130,37,23,810936.4445,63.74193548,Tuyen Ly Thai To,LTT,1.052,1052,4.55,0.631944444,178227.79,0.15,0.284615385,0.046052632,0.010647773,C,3,7.2,240000<E2<260000
142,CE9_13,CE9.6U2_00,25/05/2020,13T,CE9,95.35,374,197,24,3802057.332,32.3220339,Tuyen Phan Chu Trinh,PCT,1.27,1270,14.38,2.934693878,264398.98,0.26,0.526737968,0.150812795,0.01331935,T,4,4.9,E2>260000
143,CE10_1,CE10U2_59,26/05/2020,11T,CE10,93.67,290,117,24,2926896.709,32.4867052,Tuyen Phan Chu Trinh,PCT,0.448,448,11.07,2.259183673,264398.98,0.09,0.403448276,0.118180848,0.004782748,T,4,4.9,E2>260000
144,CE6_3,CE6.2U2_88,26/05/2020,06T,CE6,96.28,341,124,20,1638757.93,26.62119816,Tuyen Cua Nam,CN,0.408,408,8.52,2.224543081,192342.48,0.11,0.363636364,0.088491899,0.00423764,C,3,3.83,E2>260000
145,CE6_7,CE6.2U2_80,26/05/2020,06T,CE6,89.51,340,160,6,1317928.773,29.83666667,Tuyen Bach Dang,BD,0.322,322,7.87,2.150273224,167462.36,0.09,0.470588235,0.087923137,0.003597363,D,5,3.66,E2<240000
146,CE6_7,CE6.2U2_80,26/05/2020,06T,CE6,87.19,235,59,7,1322952.644,29.72386364,Tuyen Bach Dang,BD,1.435,1435,7.9,2.158469945,167462.36,0.39,0.25106383,0.090606721,0.016458309,T,4,3.66,E2<240000
147,CE6_8,CE6.2U2_84,26/05/2020,06T,CE6,95.35,290,118,9,1677492.767,33.26162791,Tuyen Le Van Linh,LVL,3.306,3306,9.17,1.175641026,182932.69,0.42,0.406896552,0.096171998,0.03467226,Sa,1,7.8,240000<E2<260000
148,CE6_8,CE6.2U2_84,26/05/2020,06T,CE6,97.81,305,210,22,1525658.635,61.77473684,Tuyen Le Van Linh,LVL,5.026,5026,8.34,1.069230769,182932.69,0.64,0.68852459,0.085267355,0.051385339,C,3,7.8,240000<E2<260000
149,CE6_9,CE6.2U2_18,26/05/2020,06T,CE6,93.42,265,97,12,1361660.316,33.36428571,Tuyen Le Van Linh,LVL,0,0,7.64,0.979487179,178227.79,0,0.366037736,0.081781203,0,D,5,7.8,240000<E2<260000
150,CE7_10,CE7.7U2_38,26/05/2020,13T,CE9,105.07,425,204,14,3717449.659,28.52579186,Tuyen Le Van Linh,LVL,4.148,4148,14.06,1.802564103,264398.98,0.53,0.48,0.133815552,0.039478443,T,4,7.8,E2>260000
151,CE7_11,CE7U2_81,26/05/2020,07T,CE7,90.03,297,79,18,1425822.32,24.77889908,Tuyen Hang Dao,HD,1.542,1542,8,1.012658228,178227.79,0.2,0.265993266,0.088859269,0.017127624,D,5,7.9,240000<E2<260000
152,CE7_11,CE7U2_81,26/05/2020,07T,CE7,92.74,305,128,19,1343837.537,31.43728814,Tuyen Hang Dao,HD,0.75,750,7.54,0.95443038,178227.79,0.09,0.419672131,0.081302566,0.008087125,T,4,7.9,240000<E2<260000
153,CE7_12,CE7U2_68,26/05/2020,07T,CE7,87.95,139,94,15,1322603.349,11I66666666667,Tuyen Ly Thai To,LTT,0.23,230,7.23,1.004166667,182932.69,0.03,0.676258993,0.082205799,0.002615122,T,4,7.2,E2<240000
154,CE7_12,CE7U2_68,26/05/2020,07T,CE7,98.19,260,65,17,1339067.291,30.21230769,Tuyen Ly Thai To,LTT,0.22,220,7.32,1.016666667,182932.69,0.03,0.25,0.074549343,0.002240554,Sa,1,7.2,240000<E2<260000
155,CE7_12,CE7U2_68,26/05/2020,07T,CE7,98.64,300,101,18,1140418.672,29.74070352,Tuyen Hang Bai,HB,1.852,1852,6.81,1.490153173,167462.36,0.41,0.336666667,0.069038929,0.018775345,C,3,4.57,240000<E2<260000
156,CE7_12,CE7U2_68,26/05/2020,07T,CE7,88.07,230,76,19,1301182.537,3D12987012987,Tuyen Ly Thai To,LTT,1.023,1023,7.77,1.079166667,167462.36,0.14,0.330434783,0.088225275,0.01161576,D,5,7.2,E2<240000
157,CE9_13,CE9.6U2_00,26/05/2020,13T,CE9,102.62,457,249,36,3717449.659,29.60192308,Tuyen Hang Bai,HB,0.16,160,14.06,3.076586433,264398.98,0.04,0.544857768,0.137010329,0.00155915,T,4,4.57,E2>260000
158,CE9_14,CE9.7U2_02,26/05/2020,13T,CE9,94.89,297,116,23,3291767.301,31.45524862,Tuyen Tran Hung Dao,THD,1.156,1156,12.45,2.964285714,264398.98,0.28,0.390572391,0.131204553,0.012182527,T,4,4.2,E2>260000
159,CE10_1,CE10U2_59,27/05/2020,11T,CE10,90.75,299,145,12,2467723.846,35.35714286,Tuyen Le Van Linh,LVL,0.4,400,10.72,1.374358974,230198.12,0.05,0.484949833,0.118126722,0.004407713,D,5,7.8,240000<E2<260000
160,CE10_1,CE10U2_59,27/05/2020,11T,CE10,89.55,274,100,14,3060007.159,30.87931034,Tuyen Le Van Linh,LVL,0,0,12.49,1.601282051,244996.57,0,0.364963504,0.139475154,0,T,4,7.8,E2<240000
161,CE6_3,CE6.2U2_88,27/05/2020,06T,CE6,98.64,271,61,20,1246379.27,28.18285714,Tuyen Cua Nam,CN,0.422,422,6.48,1.691906005,192342.48,0.11,0.225092251,0.065693431,0.004278183,C,3,3.83,E2>260000
162,CE6_4,CE6.2U2_40,27/05/2020,06T,CE6,92.11,294,120,7,1288586.922,31.76206897,Tuyen Bach Dang,BD,0.11,110,7.23,1.975409836,178227.79,0.03,0.408163265,0.078493106,0.001194224,T,4,3.66,240000<E2<260000
163,CE6_4,CE6.2U2_40,27/05/2020,06T,CE6,88.22,295,75,,1269364.689,24.06,Tuyen Bach Dang,BD,0,0,7.58,2.071038251,167462.36,0,0.254237288,0.08592156,0,D,5,3.66,E2<240000
164,CE6_5,CE6.2U2_44,27/05/2020,06T,CE6,81.27,230,82,13,1381265.373,32.9472973,Tuyen Hang Dao,HD,0.01,10,7.75,0.981012658,178227.79,0,0.356521739,0.095361142,0.000123047,D,5,7.9,E2<240000
165,CE6_5,CE6.2U2_44,27/05/2020,06T,CE6,94.81,260,89,24,1316477.399,33.26666667,Tuyen Hang Dao,HD,0.12,120,8.04,1.017721519,163740.97,0.02,0.342307692,0.084801181,0.001265689,T,4,7.9,240000<E2<260000
166,CE6_8,CE6.2U2_84,27/05/2020,06T,CE6,98.1,250,66,6,1370165.848,31.98913043,Tuyen Le Van Linh,LVL,3.864,3864,7.49,0.96025641,182932.69,0.5,0.264,0.076350663,0.039388379,Sa,1,7.8,240000<E2<260000
167,CE6_8,CE6.2U2_84,27/05/2020,06T,CE6,98.94,370,152,26,1576879.788,2I311926605505,Tuyen Le Van Linh,LVL,4.901,4901,8.62,1.105128205,182932.69,0.63,0.410810811,0.087123509,0.049535072,C,3,7.8,240000<E2<260000
168,CE6_9,CE6.2U2_18,27/05/2020,06T,CE6,88.13,287,115,19,1513735.318,30.74302326,Tuyen Ly Thai To,LTT,0,0,7.87,1.093055556,192342.48,0,0.400696864,0.089299898,0,T,4,7.2,E2>260000
169,CE7_11,CE7U2_81,27/05/2020,07T,CE7,109.98,489,213,24,1661839.027,23.90869565,Tuyen Co De,CD,1.15,1150,8.64,2.009302326,192342.48,0.27,0.435582822,0.078559738,0.010456447,Sa,1,4.3,E2>260000
170,CE7_12,CE7U2_68,27/05/2020,07T,CE7,100.17,375,159,36,1775321.09,2K25,Tuyen Hang Bai,HB,2.744,2744,9.23,2.019693654,192342.48,0.6,0.424,0.092143356,0.027393431,T,4,4.57,E2>260000
171,CE9_13,CE9.6U2_00,27/05/2020,13T,CE9,96.02,294,102,27,3429254.771,30.00625,Tuyen Tran Hung Dao,THD,0.176,176,12.97,3.088095238,264398.98,0.04,0.346938776,0.135076026,0.001832951,T,4,4.2,E2>260000
172,CE9_14,CE9.7U2_02,27/05/2020,13T,CE9,92.51,267,96,24,3569386.23,32.45964912,Tuyen Phan Chu Trinh,PCT,0.664,664,13.5,2.755102041,264398.98,0.14,0.359550562,0.14593017,0.007177602,T,4,4.9,E2>260000
173,CE10_2,CE10U2_30,28/05/2020,11T,CE10,93.1,262,98,24,2895168.831,34.06097561,Tuyen Phan Chu Trinh,PCT,0.282,282,10.95,2.234693878,264398.98,0.06,0.374045802,0.117615467,0.003029001,T,4,4.9,E2>260000
174,CE6_3,CE6.2U2_88,28/05/2020,06T,CE6,93.44,263,66,21,1515658.742,28.45888325,Tuyen Cua Nam,CN,0.884,884,7.88,2.057441253,192342.48,0.23,0.25095057,0.084332192,0.009460616,T,4,3.83,E2>260000
175,CE6_5,CE6.2U2_44,28/05/2020,06T,CE6,90.41,277,115,31,1446415.45,33.48518519,Tuyen Hang Bai,HB,1.828,1828,7.52,1.645514223,192342.48,0.4,0.415162455,0.08317664,0.020219002,T,4,4.57,E2>260000
176,CE6_6,CE6.2U2_53,28/05/2020,06T,CE6,98.47,404,187,25,1386789.281,2I267281105991,Tuyen Ly Thai To,LTT,1.702,1702,7.21,1.001388889,192342.48,0.24,0.462871287,0.07322027,0.017284452,T,4,7.2,E2>260000
177,CE6_7,CE6.2U2_80,28/05/2020,06T,CE6,89.44,265,77,7,1312904.902,28.54468085,Tuyen Bach Dang,BD,0.232,232,7.84,2.142076503,167462.36,0.06,0.290566038,0.08765653,0.002593918,T,4,3.66,E2<240000
178,CE6_7,CE6.2U2_80,28/05/2020,06T,CE6,88.21,239,67,11,1344722.751,30.77093023,Tuyen Bach Dang,BD,0.236,236,8.03,2.193989071,167462.36,0.06,0.280334728,0.091032763,0.002675434,D,5,3.66,E2<240000
179,CE6_8,CE6.2U2_84,28/05/2020,06T,CE6,91.29,260,85,8,1477508.379,31.29942857,Tuyen Le Van Linh,LVL,3.456,3456,8.29,1.062820513,178227.79,0.44,0.326923077,0.090809508,0.037857378,C,3,7.8,240000<E2<260000
180,CE6_8,CE6.2U2_84,28/05/2020,06T,CE6,96,444,104,19,1446997.578,16.94117647,Tuyen Le Van Linh,LVL,1.54,1540,7.91,1.014102564,182932.69,0.2,0.234234234,0.082395833,0.016041667,Sa,1,7.8,240000<E2<260000
181,CE6_9,CE6.2U2_18,28/05/2020,06T,CE6,82.59,247,94,14,1331361.591,32.38823529,Tuyen Hang Dao,HD,0.352,352,7.47,0.94556962,178227.79,0.04,0.380566802,0.090446785,0.004262017,D,5,7.9,E2<240000
182,CE6_9,CE6.2U2_18,28/05/2020,06T,CE6,94.78,247,77,33,1244431.372,33.45176471,Tuyen Hang Dao,HD,1.04,1040,7.6,0.962025316,163740.97,0.13,0.311740891,0.080185693,0.010972779,D,5,7.9,240000<E2<260000
183,CE7_11,CE7U2_81,28/05/2020,07T,CE7,96.61,300,110,9,1525658.635,30.50842105,Tuyen Co De,CD,0.21,210,8.34,1.939534884,182932.69,0.05,0.366666667,0.086326467,0.002173688,Sa,1,4.3,240000<E2<260000
184,CE7_11,CE7U2_81,28/05/2020,07T,CE7,103.39,362,136,28,1645581.577,27.44867257,Tuyen Hang Dao,HD,4.024,4024,8.77,1.110126582,187637.58,0.51,0.375690608,0.084824451,0.038920592,Sa,2,7.9,E2>260000
185,CE7_12,CE7U2_68,28/05/2020,07T,CE7,96.07,426,190,34,1494501.07,2E245762711864,Tuyen Cua Nam,CN,0.382,382,7.77,2.028720627,192342.48,0.1,0.44600939,0.080878526,0.003976267,C,3,3.83,E2>260000
186,CE9_13,CE9.6U2_00,28/05/2020,13T,CE9,86.44,258,120,13,3089406.748,37.5826087,Tuyen Le Van Linh,LVL,1.139,1139,12.61,1.616666667,244996.57,0.15,0.465116279,0.145881536,0.01317677,D,5,7.8,E2<240000
187,CE9_13,CE9.6U2_00,28/05/2020,13T,CE9,93.69,300,123,17,3273417.266,31.75932203,Tuyen Le Van Linh,LVL,1.202,1202,14.22,1.823076923,230198.12,0.15,0.41,0.151777137,0.012829544,T,4,7.8,240000<E2<260000
188,CE9_14,CE9.7U2_02,28/05/2020,13T,CE9,93.31,284,105,24,3402814.873,31.27709497,Tuyen Tran Hung Dao,THD,0.658,658,12.87,3.064285714,264398.98,0.16,0.36971831,0.137927339,0.007051763,T,4,4.2,E2>260000
189,CE10_1,CE10U2_59,29/05/2020,11T,CE10,84.97,255,88,18,2817460.555,30.52814371,Tuyen Le Van Linh,LVL,0,0,11.5,1.474358974,244996.57,0,0.345098039,0.135341885,0,D,5,7.8,E2<240000
190,CE10_1,CE10U2_59,29/05/2020,11T,CE10,93.64,346,189,18,2559189.162,35.78598726,Tuyen Le Van Linh,LVL,0.242,242,11.37,1.457692308,225082.6,0.03,0.546242775,0.121422469,0.002584366,T,4,7.8,240000<E2<260000
191,CE6_8,CE6.2U2_84,29/05/2020,06T,CE6,91.29,240,72,13,1375918.539,32.60357143,Tuyen Le Van Linh,LVL,2.145,2145,7.72,0.98974359,178227.79,0.28,0.3,0.08456567,0.023496549,Sa,1,7.8,240000<E2<260000
192,CE6_8,CE6.2U2_84,29/05/2020,06T,CE6,171.56,530,104,20,1356014.484,24.16338028,Tuyen Le Van Linh,LVL,3.086,3086,7.05,0.903846154,192342.48,0.4,0.196226415,0.041093495,0.017987876,C,3,7.8,E2>260000
193,CE6_9,CE6.2U2_18,29/05/2020,06T,CE6,91.9,350,151,33,1381019.006,27.70854271,Tuyen Hang Dao,HD,0.746,746,7.18,0.908860759,192342.48,0.09,0.431428571,0.0781284,0.008117519,T,4,7.9,E2>260000
194,CE7_11,CE7U2_81,29/05/2020,07T,CE7,99.08,295,72,19,1243942.292,26.65829596,Tuyen Phan Chu Trinh,PCT,0.112,112,6.8,0.591304348,182932.69,0.01,0.244067797,0.068631409,0.0011304,C,3,11.5,240000<E2<260000
195,CE7_12,CE7U2_68,29/05/2020,07T,CE7,88.59,218,79,12,1195908.471,38.24028777,Tuyen Co De,CD,0.22,220,6.71,1.560465116,178227.79,0.05,0.362385321,0.075742183,0.00248335,D,5,4.3,E2<240000
196,CE7_12,CE7U2_68,29/05/2020,07T,CE7,92.54,230,56,25,1249269.206,31.91034483,Tuyen Cua Nam,CN,0,0,7.46,1.947780679,167462.36,0,0.243478261,0.080613789,0,T,4,3.83,240000<E2<260000
197,CE9_13,CE9.6U2_00,29/05/2020,13T,CE9,94.41,302,110,28,3402814.873,29.503125,Tuyen Tran Hung Dao,THD,0.608,608,12.87,3.064285714,264398.98,0.14,0.364238411,0.136320305,0.006439996,T,4,4.2,E2>260000
